{
  "feature_version": 1,
  "features": [
    "overall_win_rate",
    "sector_win_rate",
    "team_sector_win_rate",
    "sector_won_revenue",
    "avg_days_to_win"
  ],
  "train_rows": 4697,
  "holdout_rows": 2014,
  "training_cutoff": "2017-09-29",
  "selected": "deterministic",
  "scaler_mean": [
    0.6593592071302394,
    0.611397528510351,
    0.6498390691249929,
    8.478390457997875,
    53.327147628190126
  ],
  "scaler_scale": [
    0.07744125124606543,
    0.12367171071842364,
    0.09103171701848592,
    2.840013260926331,
    10.978030035107047
  ],
  "coefficients": [
    0.5905269875911082,
    -0.0032440111736269195,
    -0.011140199054909894,
    -0.007000195678384676,
    -0.09501814681226642,
    0.1375816153958283
  ],
  "metrics": {
    "overall": {
      "global": {
        "recall_at_3": 0.07504878585282761,
        "recall_at_5": 0.1397710254718917,
        "precision_at_3": 0.36742800397219466,
        "precision_at_5": 0.4126117179741807,
        "coverage": 1.0,
        "actual_owner_hit_at_3": 0.06852035749751738,
        "actual_owner_hit_at_5": 0.12959285004965243,
        "confidence_intervals": {
          "recall_at_3": [
            0.07215235346515178,
            0.07788089478760257
          ],
          "recall_at_5": [
            0.13676104851657242,
            0.1428654765327896
          ],
          "precision_at_3": [
            0.3528550148957309,
            0.38224511751075935
          ],
          "precision_at_5": [
            0.4005387288977206,
            0.4241459781529347
          ]
        },
        "composite": 0.21825576871426988
      },
      "team": {
        "recall_at_3": 0.6201099830795261,
        "recall_at_5": 1.0,
        "precision_at_3": 0.630118443316413,
        "precision_at_5": 0.6190862944162436,
        "coverage": 0.9781529294935452,
        "actual_owner_hit_at_3": 0.5939086294416244,
        "actual_owner_hit_at_5": 1.0,
        "confidence_intervals": {
          "recall_at_3": [
            0.6103703468697116,
            0.63107423857868
          ],
          "recall_at_5": [
            1.0,
            1.0
          ],
          "precision_at_3": [
            0.6191116751269038,
            0.6431472081218281
          ],
          "precision_at_5": [
            0.608271573604057,
            0.6295482233502494
          ]
        },
        "composite": 0.7284967851099831
      }
    },
    "sector": {
      "global": {
        "recall_at_3": 0.08851754724660153,
        "recall_at_5": 0.1542557382177509,
        "precision_at_3": 0.422211188348229,
        "precision_at_5": 0.4416087388282026,
        "coverage": 1.0,
        "actual_owner_hit_at_3": 0.08341608738828203,
        "actual_owner_hit_at_5": 0.14399205561072492,
        "confidence_intervals": {
          "recall_at_3": [
            0.08595732127271483,
            0.09145247944238784
          ],
          "recall_at_5": [
            0.1510628887001404,
            0.1574366763156512
          ],
          "precision_at_3": [
            0.4095456802383339,
            0.4361138695796118
          ],
          "precision_at_5": [
            0.43207050645481654,
            0.45224428997020916
          ]
        },
        "composite": 0.2438932562455696
      },
      "team": {
        "recall_at_3": 0.6176565143824027,
        "recall_at_5": 0.9512774957698816,
        "precision_at_3": 0.6306260575296109,
        "precision_at_5": 0.5915736040609137,
        "coverage": 0.9781529294935452,
        "actual_owner_hit_at_3": 0.5974619289340102,
        "actual_owner_hit_at_5": 0.9451776649746193,
        "confidence_intervals": {
          "recall_at_3": [
            0.606343274111675,
            0.6274782148900162
          ],
          "recall_at_5": [
            0.9452802453468702,
            0.957275169204738
          ],
          "precision_at_3": [
            0.6185236886632829,
            0.6431556683587141
          ],
          "precision_at_5": [
            0.580710659898475,
            0.6014213197969513
          ]
        },
        "composite": 0.7092287648054146
      }
    },
    "position_sector": {
      "global": {
        "recall_at_3": 0.09538312983076422,
        "recall_at_5": 0.16412867817558308,
        "precision_at_3": 0.45415425355842437,
        "precision_at_5": 0.47110228401191656,
        "coverage": 1.0,
        "actual_owner_hit_at_3": 0.11022840119165839,
        "actual_owner_hit_at_5": 0.2005958291956306,
        "confidence_intervals": {
          "recall_at_3": [
            0.0928387900229987,
            0.0984336151757052
          ],
          "recall_at_5": [
            0.1608404928605825,
            0.16779220516750135
          ],
          "precision_at_3": [
            0.4409053293611405,
            0.46722939424031845
          ],
          "precision_at_5": [
            0.4606181727904662,
            0.48118421052631505
          ]
        },
        "composite": 0.26119097834000615
      },
      "team": {
        "recall_at_3": 0.6202791878172589,
        "recall_at_5": 0.9979695431472081,
        "precision_at_3": 0.6321489001692048,
        "precision_at_5": 0.6179695431472082,
        "coverage": 0.9781529294935452,
        "actual_owner_hit_at_3": 0.5969543147208122,
        "actual_owner_hit_at_5": 0.9969543147208122,
        "confidence_intervals": {
          "recall_at_3": [
            0.6090302453468697,
            0.6304177241962771
          ],
          "recall_at_5": [
            0.9963197969543147,
            0.9991782994923858
          ],
          "precision_at_3": [
            0.6202961082910318,
            0.6444204737732663
          ],
          "precision_at_5": [
            0.6072563451776621,
            0.6285279187817219
          ]
        },
        "composite": 0.7282280879864637
      }
    },
    "deterministic": {
      "global": {
        "recall_at_3": 0.10244494910854655,
        "recall_at_5": 0.1696955561018124,
        "precision_at_3": 0.4837802052300562,
        "precision_at_5": 0.49126117179741813,
        "coverage": 1.0,
        "actual_owner_hit_at_3": 0.12164846077457796,
        "actual_owner_hit_at_5": 0.21946375372393248,
        "confidence_intervals": {
          "recall_at_3": [
            0.09960591062515148,
            0.10511107354200093
          ],
          "recall_at_5": [
            0.16660616513587806,
            0.17373988140692487
          ],
          "precision_at_3": [
            0.4716112214498527,
            0.49569678914266946
          ],
          "precision_at_5": [
            0.48072989076464584,
            0.5021425024826192
          ]
        },
        "composite": 0.27515579549739
      },
      "team": {
        "recall_at_3": 0.6303045685279187,
        "recall_at_5": 1.0,
        "precision_at_3": 0.6406091370558376,
        "precision_at_5": 0.6190862944162436,
        "coverage": 0.9781529294935452,
        "actual_owner_hit_at_3": 0.6116751269035533,
        "actual_owner_hit_at_5": 1.0,
        "confidence_intervals": {
          "recall_at_3": [
            0.6192664974619283,
            0.6414621404399322
          ],
          "recall_at_5": [
            1.0,
            1.0
          ],
          "precision_at_3": [
            0.6293527918781724,
            0.6519458544839262
          ],
          "precision_at_5": [
            0.608271573604057,
            0.6295482233502494
          ]
        },
        "composite": 0.7340670050761422
      }
    },
    "glm": {
      "global": {
        "recall_at_3": 0.07161888693002987,
        "recall_at_5": 0.12668739022549216,
        "precision_at_3": 0.3747103608076796,
        "precision_at_5": 0.3972194637537239,
        "coverage": 1.0,
        "actual_owner_hit_at_3": 0.07696127110228401,
        "actual_owner_hit_at_5": 0.15392254220456802,